{
  "wait_time": {
    "train_rmse": 4.516003388219356,
    "test_rmse": 9.042751248572328,
    "train_mae": 3.5492240315707266,
    "test_mae": 7.28128889897212,
    "train_r2": 0.9826766611754215,
    "test_r2": 0.9306945393971567
  }
}